{
"lengthUnit": "mil",
"remark": [],
"components": {
	"fields": ["COMPONENT_NO", "COMPONENT_NAME", "LAYER", "X_COORDINATE", "Y_COORDINATE", "ANGLE"],
	"rows": [
		[1, "U1", "T", 90, 385, 0],
		[2, "U2", "T", -125, -740, 0],
		[3, "PAD1", "T", -229.685, 435, 0],
		[4, "PAD1", "B", -229.685, 435, 0],
		[5, "PAD2", "T", -229.685, 335, 0],
		[6, "PAD2", "B", -229.685, 335, 0],
		[7, "PAD3", "T", 409.685, 635, 0],
		[8, "PAD3", "B", 409.685, 635, 0],
		[9, "PAD4", "T", 409.685, 735, 0],
		[10, "PAD4", "B", 409.685, 735, 0],
		[11, "PAD5", "T", -60, -540, 0],
		[12, "PAD5", "B", -60, -540, 0],
		[13, "PAD6", "T", 40, -540, 0],
		[14, "PAD6", "B", 40, -540, 0],
		[15, "PAD7", "T", 140, -540, 0],
		[16, "PAD7", "B", 140, -540, 0],
		[17, "PAD8", "T", 240, -540, 0],
		[18, "PAD8", "B", 240, -540, 0]
	]
},
"pins": {
	"fields": ["PIN_NO", "PIN_NAME", "PIN_X", "PIN_Y", "LAYER", "PIN_TYPE", "NET_NAME", "NET_TYPE", "PAD_SHAPE", "PAD_SIZEX", "PAD_SIZEY", "HOLE_SIZE", "HOLE_LEN", "PAD_ANGLE"],
	"rows": [
		[1, "U1_1", -229.685, 735, "T", "DIP", "NET_1", "", "O", 111.1811, 60, 36, 36, 0],
		[2, "U1_1", -229.685, 735, "B", "DIP", "NET_1", "", "O", 111.1811, 60, 36, 36, 0],
		[3, "U1_2", -229.685, 635, "T", "DIP", "NET_2", "", "O", 111.1811, 60, 36, 36, 0],
		[4, "U1_2", -229.685, 635, "B", "DIP", "NET_2", "", "O", 111.1811, 60, 36, 36, 0],
		[5, "U1_3", -229.685, 535, "T", "DIP", "NET_3", "", "O", 111.1811, 60, 36, 36, 0],
		[6, "U1_3", -229.685, 535, "B", "DIP", "NET_3", "", "O", 111.1811, 60, 36, 36, 0],
		[7, "U1_4", -229.685, 435, "T", "DIP", "SDA", "", "O", 111.1811, 60, 36, 36, 0],
		[8, "U1_4", -229.685, 435, "B", "DIP", "SDA", "", "O", 111.1811, 60, 36, 36, 0],
		[9, "U1_5", -229.685, 335, "T", "DIP", "SCL", "", "O", 111.1811, 60, 36, 36, 0],
		[10, "U1_5", -229.685, 335, "B", "DIP", "SCL", "", "O", 111.1811, 60, 36, 36, 0],
		[11, "U1_6", -229.685, 235, "T", "DIP", "NET_4", "", "O", 111.1811, 60, 36, 36, 0],
		[12, "U1_6", -229.685, 235, "B", "DIP", "NET_4", "", "O", 111.1811, 60, 36, 36, 0],
		[13, "U1_7", -229.685, 135, "T", "DIP", "NET_5", "", "O", 111.1811, 60, 36, 36, 0],
		[14, "U1_7", -229.685, 135, "B", "DIP", "NET_5", "", "O", 111.1811, 60, 36, 36, 0],
		[15, "U1_8", -229.685, 35, "T", "DIP", "NET_6", "", "O", 111.1811, 60, 36, 36, 0],
		[16, "U1_8", -229.685, 35, "B", "DIP", "NET_6", "", "O", 111.1811, 60, 36, 36, 0],
		[17, "U1_9", 409.685, 35, "T", "DIP", "NET_7", "", "O", 111.1811, 60, 36, 36, 180],
		[18, "U1_9", 409.685, 35, "B", "DIP", "NET_7", "", "O", 111.1811, 60, 36, 36, 180],
		[19, "U1_10", 409.685, 135, "T", "DIP", "NET_8", "", "O", 111.1811, 60, 36, 36, 180],
		[20, "U1_10", 409.685, 135, "B", "DIP", "NET_8", "", "O", 111.1811, 60, 36, 36, 180],
		[21, "U1_11", 409.685, 235, "T", "DIP", "NET_9", "", "O", 111.1811, 60, 36, 36, 180],
		[22, "U1_11", 409.685, 235, "B", "DIP", "NET_9", "", "O", 111.1811, 60, 36, 36, 180],
		[23, "U1_12", 409.685, 335, "T", "DIP", "NET_10", "", "O", 111.1811, 60, 36, 36, 180],
		[24, "U1_12", 409.685, 335, "B", "DIP", "NET_10", "", "O", 111.1811, 60, 36, 36, 180],
		[25, "U1_13", 409.685, 435, "T", "DIP", "NET_11", "", "O", 111.1811, 60, 36, 36, 180],
		[26, "U1_13", 409.685, 435, "B", "DIP", "NET_11", "", "O", 111.1811, 60, 36, 36, 180],
		[27, "U1_14", 409.685, 535, "T", "DIP", "NET_12", "", "O", 111.1811, 60, 36, 36, 180],
		[28, "U1_14", 409.685, 535, "B", "DIP", "NET_12", "", "O", 111.1811, 60, 36, 36, 180],
		[29, "U1_15", 409.685, 635, "T", "DIP", "GND", "GND", "O", 111.1811, 60, 36, 36, 180],
		[30, "U1_15", 409.685, 635, "B", "DIP", "GND", "GND", "O", 111.1811, 60, 36, 36, 180],
		[31, "U1_16", 409.685, 735, "T", "DIP", "VCC", "", "O", 111.1811, 60, 36, 36, 180],
		[32, "U1_16", 409.685, 735, "B", "DIP", "VCC", "", "O", 111.1811, 60, 36, 36, 180],
		[33, "U2_1", -60, -540, "T", "DIP", "VCC", "", "R", 67.874, 67.874, 43.3071, 43.3071, 0],
		[34, "U2_1", -60, -540, "B", "DIP", "VCC", "", "R", 67.874, 67.874, 43.3071, 43.3071, 0],
		[35, "U2_2", 40, -540, "T", "DIP", "GND", "GND", "C", 67.874, 67.874, 43.3071, 43.3071, 0],
		[36, "U2_2", 40, -540, "B", "DIP", "GND", "GND", "C", 67.874, 67.874, 43.3071, 43.3071, 0],
		[37, "U2_3", 140, -540, "T", "DIP", "SCL", "", "C", 67.874, 67.874, 43.3071, 43.3071, 0],
		[38, "U2_3", 140, -540, "B", "DIP", "SCL", "", "C", 67.874, 67.874, 43.3071, 43.3071, 0],
		[39, "U2_4", 240, -540, "T", "DIP", "SDA", "", "C", 67.874, 67.874, 43.3071, 43.3071, 0],
		[40, "U2_4", 240, -540, "B", "DIP", "SDA", "", "C", 67.874, 67.874, 43.3071, 43.3071, 0],
		[41, "PAD1_4", -229.685, 435, "T", "DIP", "SDA", "", "O", 111.1811, 60, 36, 36, 0],
		[42, "PAD1_4", -229.685, 435, "B", "DIP", "SDA", "", "O", 111.1811, 60, 36, 36, 0],
		[43, "PAD2_5", -229.685, 335, "T", "DIP", "SCL", "", "O", 111.1811, 60, 36, 36, 0],
		[44, "PAD2_5", -229.685, 335, "B", "DIP", "SCL", "", "O", 111.1811, 60, 36, 36, 0],
		[45, "PAD3_15", 409.685, 635, "T", "DIP", "GND", "GND", "O", 111.1811, 60, 36, 36, 180],
		[46, "PAD3_15", 409.685, 635, "B", "DIP", "GND", "GND", "O", 111.1811, 60, 36, 36, 180],
		[47, "PAD4_16", 409.685, 735, "T", "DIP", "VCC", "", "O", 111.1811, 60, 36, 36, 180],
		[48, "PAD4_16", 409.685, 735, "B", "DIP", "VCC", "", "O", 111.1811, 60, 36, 36, 180],
		[49, "PAD5_1", -60, -540, "T", "DIP", "VCC", "", "R", 67.874, 67.874, 43.3071, 43.3071, 0],
		[50, "PAD5_1", -60, -540, "B", "DIP", "VCC", "", "R", 67.874, 67.874, 43.3071, 43.3071, 0],
		[51, "PAD6_2", 40, -540, "T", "DIP", "GND", "GND", "C", 67.874, 67.874, 43.3071, 43.3071, 0],
		[52, "PAD6_2", 40, -540, "B", "DIP", "GND", "GND", "C", 67.874, 67.874, 43.3071, 43.3071, 0],
		[53, "PAD7_3", 140, -540, "T", "DIP", "SCL", "", "C", 67.874, 67.874, 43.3071, 43.3071, 0],
		[54, "PAD7_3", 140, -540, "B", "DIP", "SCL", "", "C", 67.874, 67.874, 43.3071, 43.3071, 0],
		[55, "PAD8_4", 240, -540, "T", "DIP", "SDA", "", "C", 67.874, 67.874, 43.3071, 43.3071, 0],
		[56, "PAD8_4", 240, -540, "B", "DIP", "SDA", "", "C", 67.874, 67.874, 43.3071, 43.3071, 0]
	]
}
}